Patch Id,Patch Name,Patch Description,How to get this Patch
0a48ec43-37a8-4278-b90f-775d4720da5b,52 Hike Challenge,Walk a different trail 52 times within a 52 week period. Any where in the world,To register go to the following link and begin your journey[https://www.52hikechallenge.com/pages/original-series](https://www.52hikechallenge.com/pages/original-series)
d83b37ad-be2f-4937-85ee-b55135482aff,52 With a View,Hike 52 peaks with a view in New Hampshire,"To get this patch you need to hike 52 peaks in New Hampshire between 2,000 and 4,000 feet elevation.

The official web site is here:
[https://overthehillhikers.blogspot.com/](https://overthehillhikers.blogspot.com/)

#### Other Resources
Facebook page: [https://www.facebook.com/groups/nh52wav](https://www.facebook.com/groups/nh52wav)"
5c34b0e4-443d-463f-836b-f5b484793e59,Action Conservation Lands patch,Hike all of Acton's Conservation lands,1.  Follow the instructions here: [https://actonma.myrec.com/documents/ihikedactontrails.pdf#](https://actonma.myrec.com/documents/ihikedactontrails.pdf#)
adb53cbb-4b03-4521-b312-3dc0917ac416,Adirondack 29er,Hike 29 less-challenging peaks in the Adirondacks,Following instructions here: [https://adk29er.com/](https://adk29er.com/)
2d308783-8bb6-42d0-ac04-eaed5c1911f5,Adirondack Quest,Visit 50 areas on 50 different dates within the Adirondacks,Following instructions here: [https://adk-gvc.org/play/adirondack-quest/](https://adk-gvc.org/play/adirondack-quest/)
e745d5fe-f316-44ff-ab43-efdfc5a01830,ADK 146 Service Hours,"Recognition for giving back by caring for our Mountains. 
","Do 146 hours of community service in the Adirondack Trails: 
[https://adk46er.org/awards-and-recognition/](https://adk46er.org/awards-and-recognition/)"
a26eda32-66a3-4e90-a797-7623e09d8f17,ADK 46er,Hike the 46 high peaks in the Adirondacks,"To earn this patch you need to hike 46 peaks in the Adirondacks.

The official website is here: [https://adk46er.org/awards-and-recognition/](https://adk46er.org/awards-and-recognition/)"
92296eea-b9b5-4e12-99b5-847fea0b5c5d,ADK 46R Winter,Hike the 46 high peaks in the Adirondacks in winter,Follow instructions here: [https://adk46er.org/awards-and-recognition/](https://adk46er.org/awards-and-recognition/)
8b126c3f-8ec7-41a1-b0e6-1f058b0a2a33,ADK 50 Falls Challenge,Visit one among 50 waterfalls and obtain a patch corresponding to the level of difficulty.,Link to the following web site URL for more details[https://adk50.com/about-the-challenge/](https://adk50.com/about-the-challenge/)
527c4294-a83e-4aed-ab44-d68908e20000,ADK Blue Challenge,Hike 10 peaks in the Adirondacks,See instructions: [https://www.facebook.com/adkblueco/](https://www.facebook.com/adkblueco/)
556716de-6c9f-41c0-a8ed-043220f19a5d,ADK Fire Tower Challenge,Summit a total of 23 mountains with standing fire towers in the Adirondacks.,To register link to the following website URL[https://members.adk.org/members/members/get-involved/adk-fire-tower-challenge.aspx](https://members.adk.org/members/members/get-involved/adk-fire-tower-challenge.aspx)
6e495a21-c348-46ae-bd11-92592f40691b,ADK Indian Lake 4-3-2-1 Challenge,Select and hike ten trails your way.,To register link to the following web site URL[https://www.indian-lake.com/files/public/Indian_Lake/HikingPatch4-3-2-1.pdf](https://www.indian-lake.com/files/public/Indian_Lake/HikingPatch4-3-2-1.pdf)
150a00fc-3e5b-4a47-845b-ca7ca22504b6,ADK Schenectady Chapter Northville-Placid Trail, A 135-mile continuous wilderness footpath from Northville to Lake Placid,To register link to the following web site.[https://adk-schenectady.org/northville-placid-trail/](https://adk-schenectady.org/northville-placid-trail/)
93c04834-7d28-491c-8786-9a1502d4357e,AMC SEM 100 Miles,Hike 100 miles on AMC events,"1. Join the [Appalachian Mountain Club](https://www.outdoors.org/get-involved/become-a-member/?chapter=SE&campaign=7012J000001R5F3QAK)
2. Hike 100 miles at AMC events in one year
3. Contact the Hiking Chair of the [AMC Southeastern MA Chapter](https://amcsem.org/hiking.html) to learn how to track your miles on the spreadsheet"
a8c5d330-b4ab-4c20-81fb-b4fc9bac97e9,Bear Brook Redliner,Hike every trail in the Bear Brook State Park,See instructions here: [https://www.rockybranchdreams.com/index.php/redline](https://www.rockybranchdreams.com/index.php/redline)
9e42d722-e9dc-4b53-8af6-469ea93baf1c,Belknap Range,Hike all the peaks in the Belknap Range,"To earn this patch you need to hike 12 peaks in the Belknap range.

The official website is here: [https://www.bcsanh.com/events/programs-we-offer/belknap-range-hiking-program](https://www.bcsanh.com/events/programs-we-offer/belknap-range-hiking-program)
#### Other Resources
- Facebook page: [https://www.facebook.com/groups/1532327246979277](https://www.facebook.com/groups/1532327246979277)"
d1fb490f-df1a-48ac-85fd-74d1b05f0f92,Belknap Range Redliner,Hike all the trails in the Belknap range,Follow instructions here: [https://www.belknaprangetrailtenders.org/redlining.php](https://www.belknaprangetrailtenders.org/redlining.php)
bddcc27d-7497-4a1b-8a0f-946ab52ad6f5,Blue Hills 125 mile patch,Hike all trails in the Blue Hills,"1. With a donation, become a member of the [Friends of the Blue Hillls](https://friendsofthebluehills.org/125mileclub/)
2. Hike all 125-miles of trails in the Blue Hills
3. Record the completion on the [website](https://friendsofthebluehills.org/125mileclub/)"
643a32ec-49af-4c4a-9869-fe25f8a39bee,Catskill Highest Hundred,This patch involves hiking 100 peak including bushwacks.,"- The peaks for the patch are listed here: [https://www.catskillhiker.net/CHH/chh_main.shtml](https://www.catskillhiker.net/CHH/chh_main.shtml)
- To get the patch, see the instructions on this page under the section ""Catskill Hundred Highest"": [https://www.catskillhiker.net/Awards/awards.shtml](https://www.catskillhiker.net/Awards/awards.shtml)
- Getting the patch involves contacting someone on Facebook"
fe7c1bc2-dc81-4abb-81a0-f1178d00612b,Catskill Mountain Club - I Hiked Them All,Hike all 350 miles of trails in the Catskills,"To obtain a patch browse the following page:
[https://www.catskillmountainclub.org/all-trails-hiking-challenge](https://www.catskillmountainclub.org/all-trails-hiking-challenge)
"
bee13d55-f230-487b-884d-46d8873d8fd1,Catskill Mountain Club Four Seasons 140,Hike 35 High Peaks in each of the four seasons. ,Find instructions for this patch here: [https://www.catskillmountainclub.org/the-catskills-4-seasons-140-the-catskills-grid-420](https://www.catskillmountainclub.org/the-catskills-4-seasons-140-the-catskills-grid-420)
95fe41a7-3fe9-4027-8876-1c56ce3ec15a,Catskill Mountain Club Six Select Mountains,Hike trails constructed by CMC in six mountains.,"Individual trails may be completed in a combination of dates.
Note: Overall difficulty is easy to moderate expect for a .5 mile segment in Frightful's Falls Trail - part of Delhi Trails which is considered difficult:
[https://www.catskillmountainclub.org/cmc-hiking-trails-challenge](https://www.catskillmountainclub.org/cmc-hiking-trails-challenge)"
54ac8362-b882-4877-b17b-539ae171a364,Catskills Fire Tower Challenge,Visit all 8 Catskill Fire Towers in 2026,Follow instructions here: [https://dec.ny.gov/things-to-do/hiking/catskills-fire-tower-challenge](https://dec.ny.gov/things-to-do/hiking/catskills-fire-tower-challenge)
4a451d74-7fff-48b8-9547-de20dca6b4f9,Catskills Mountain Club 420 Grid,Requires hiking each of 35 mountains in each of the 12 months.,"Find entry forms in the following link:

[https://www.catskillmountainclub.org/the-catskills-4-seasons-140-the-catskills-grid-420](https://www.catskillmountainclub.org/the-catskills-4-seasons-140-the-catskills-grid-420)"
82453ea4-6270-42b9-8a75-8cd9456686d6,Chester Challenge,"This challenge covers a range of difficulty levels from easy, family friendly trails to steep hikes. ","To register p;ease link to the following web site URL:
[https://chester-challenge-warrencountyny.hub.arcgis.com/pages/hikes](https://chester-challenge-warrencountyny.hub.arcgis.com/pages/hikes)"
86a8ac8f-3b15-4be5-84c0-87b43c077592,Cranberry Lake 50 Mile Challenge,A 50-mile circumnavigation of Cranberry Lake.,"To register please link to the following web site URL:
[https://cranberrylake50.org/](https://cranberrylake50.org/)"
2a600f2d-fbef-49ce-bc83-942c394f3995,Finger Lakes Hiking Challenge,Choose from two challenges in the Finger Lakes Trail., To register for the 50 or 100 mile hike link to the following web site:[https://fingerlakestrail.org/whats-happening/hiking-programs/flt50/](https://fingerlakestrail.org/whats-happening/hiking-programs/flt50/)
270d1284-3715-4c10-a6e1-8baadf2cbef1,Fire and Ice Winter Challenge,Complete a set of fun challenges in the Adirondacks and Catskills,Follow instructions here: [https://sites.google.com/view/fireandicewinterchallenge/challenge](https://sites.google.com/view/fireandicewinterchallenge/challenge)
6a3a57fc-0172-41c9-b30c-c4fae7559030,Friends of the Blue Hills Skyline Patch,Hike the Blue Hills Skyline end-to-end,"1. For a fee, become a member of the [Friends of the Blue Hills](https://friendsofthebluehills.org/125mileclub/)
2. Hike the Blue Hills Skyline end-to-end
3. Record the completion of your hike on the [website](https://friendsofthebluehills.org/125mileclub/)"
94cc8c9d-0cc8-405e-b464-17a353d7a3fd,Fulton Chain Trifecta,Hike 3 peaks in the Old Forge region of the Adirondack Park.,Follow instructions here: [https://www.adirondack.net/hiking/challenges/fulton-chain-trifecta/](https://www.adirondack.net/hiking/challenges/fulton-chain-trifecta/)
559c1bef-c542-4ba7-a8bc-e5bbabef739a,Fulton Chain Trifecta - Winter,Hike three peaks in the Adirondacks during the winter,Follow instructions here: [https://www.adirondack.net/hiking/challenges/fulton-chain-trifecta/](https://www.adirondack.net/hiking/challenges/fulton-chain-trifecta/)
ce313167-fd9d-446c-8d36-5bf6fcfe3d6d,Fulton County Five Hiking Challenge,This challenge is designed to give people an opportunity to visit new places.,"To register please link to the following website URL:
[https://www.44lakes.com/fulton-county-5-hiking-challenge/](https://www.44lakes.com/fulton-county-5-hiking-challenge/)"
65a96ba6-78e7-4a54-9c2e-b53bda7ca025,Gateway 8,"Choose 8 hiking, biking or paddling adventures in the Adirondacks",Follow instructions here: [https://adkgateway8.com/](https://adkgateway8.com/)
1c9365c4-df6d-4035-9c34-bfc5ba9c682a,Hamilton County Fire Tower Challenge,Visit 23 towers across the Adirondacks and Catskills,Follow instructions here: [https://www.experienceouradirondacks.com/story/2023/meet-the-hamilton-county-challenge](https://www.experienceouradirondacks.com/story/2023/meet-the-hamilton-county-challenge)
d5154a26-04fc-439e-a911-e60b8f670237,Hamilton County Waterfall Challenge,Earn 12 points by visiting your choice from 19 waterfalls,Follow instructions here: [https://www.experienceouradirondacks.com/story/2023/meet-the-hamilton-county-challenge](https://www.experienceouradirondacks.com/story/2023/meet-the-hamilton-county-challenge)
803d562d-1393-4b7f-af4a-958b0879b236,Hike Ledyard,Visit all 14 hiking areas in Ledyard,Follow the instructions here: [https://www.ledyardct.org/DocumentCenter/View/458270/Hike-Ledyard-Program-](https://www.ledyardct.org/DocumentCenter/View/458270/Hike-Ledyard-Program-)
2a52e40e-7899-44f2-ac18-d9071ab92919,Hiker's 365 Challenge,Hike 365 miles in 365 days,Follow instructions here: [https://myadventurechallenge.com/pages/hikers-365-challenge](https://myadventurechallenge.com/pages/hikers-365-challenge)
4064a02d-ea01-4318-bc46-c26d4f9bc9b1,Hikers Anonymous™ Summer Scorcher 35'R,Hike 35 peaks in summer.,"Record Your Peaks, Track Your Progress, and Happy Hiking:
[https://hikersanonymous.org/progress.html#record-your-peaks](https://hikersanonymous.org/progress.html#record-your-peaks)     
          NOTE: Other Hiker's Anonymous™ challenges are offered in various seasons."
584f57c1-f630-4de4-893d-99ca1e595eb4,Hikin' Herons,"Hike six trails in Tamworth, NH",Follow instructions here: [https://www.tamworthconservationcommission.org/hikin-herons](https://www.tamworthconservationcommission.org/hikin-herons)
875d5b86-a5d3-4517-9930-2e827592bfef,Hyde Park Trails,Hyde Park Trails hosts a number of public events and programs every year.,"Link to the following website to learn about the next scheduled walk:
[https://hydeparkny.us/255/Hyde-Park-Healthy-Trails-Walkabout](https://hydeparkny.us/255/Hyde-Park-Healthy-Trails-Walkabout)
"
14b04def-f58b-4a1d-a673-96818ed8fc78,I Hiked John Burroughs Country,Patch Commemorating the 100th anniversary of the passing of John Burroughs  ,"Link to the following web site URL:
[https://www.jbwoodchucklodge.org/](https://www.jbwoodchucklodge.org/)"
c5f8b4ea-ba92-45f3-b99a-4363b7a82094,Inlet Outdoor Family Challenge,"Hike, bike, or paddle 12 of 17 location. ",To register please link to the following web site URL[https://www.inletny.com/inlet/inlet-outdoor-family-challenge](https://www.inletny.com/inlet/inlet-outdoor-family-challenge)
556c4164-8731-49bc-a661-1e1ad5c33092,Lake George 12ster,Hike 12 peaks in the Lake George region,Following instructions here: [http://www.12ster.com](http://www.12ster.com)
01022a13-b4cc-4f5d-a261-97c075508fe6,Lake Placid 9er,Hike nine peaks in the Lake Placid area,Instructions for getting the patch are on the website: [https://lakeplacid9er.com/](https://lakeplacid9er.com/)
a152f605-e62c-4467-a2ca-7410c89744e6,Lake Placid 9er Winter,Hike the nine Lake Placid peaks in the winter,Following instructions here: [https://lakeplacid9er.com/](https://lakeplacid9er.com/)
12beec73-a7d4-4e45-ae57-8d2e44a41d7a,Laurentian ADK Loony Loop Challenge,"This challenge is designed to provide some safe outing alternatives along low-traffic trails in St. Lawrence County and Ontario Province, Canada.","The Challenge is open to Laurentian Chapter members, other ADK members, and the general public.
To register, link to the following web page[https://adklaurentian.org/](https://adklaurentian.org/)"
1add5cf2-d75c-4c93-9c59-85d766714a6b,LRCT Achievement Patch,Hike all the trails and peaks in the Castle in the Clouds Conservation area,"1. Hike all trails and peaks in the Lakes Region Conservation Trust (LRCT) Castle in the Clouds Conservation
2. Send an application and fee to [https://lrct.org/explore/hiker-achievement-patch-program](https://lrct.org/explore/hiker-achievement-patch-program)"
bb313123-be49-4d08-b5cf-c6d504102bc9,Maine 4K,Hike all the 4K peaks in Maine,"To earn this patch, you need to hike 14 4K peaks in Maine.

Join the Facebook page to get the information for earning the patch: [https://www.facebook.com/groups/MaineHiking](https://www.facebook.com/groups/MaineHiking)"
c4005ca0-240f-4fc0-9c0b-d4a012473a9c,Maine 4K Winter,Hike Maine's 4000-footers in winter,Join Facebook group for instructions: [https://www.facebook.com/groups/MaineHiking](https://www.facebook.com/groups/MaineHiking)
46454109-1dce-4db8-a8e3-e5b8de2f1434,Massachusetts Rail Trail Challenge,Hike 100 miles of Massachusetts Rail Trails,"- Create an account on this site (hiking-patches.com)
- Hike, run, bike, roll 100 miles from the rail trails listed below.
- The miles must be unique in that you can't count hiking the same trail more than once.
- Record your miles below (after creating an account).
- You can record hikes you've done in the past. Just guesstimate the date if you can't remember.
- Once you reach 100 miles, the ""Get the Patch"" button will be enable where you can make your payment ($15) and provide your address so we can send you your patch.
###
[Map of all trails](https://www.traillink.com/trailsearch/?mmloc=MA&sort=rating&cat=R)"
a74528e1-b42b-41e1-ad01-11409e4ce1b8,Mohawk Hudson Preserve Challenge Finisher,"Visit all 22 MHLC Preserves to receive a limited edition ""Challenge Finisher"" sticker or embroidered patch.",To register link to the following web page[https://www.mohawkhudson.org/event-registration-pages/event-registration-preserve-challenge](https://www.mohawkhudson.org/event-registration-pages/event-registration-preserve-challenge)
76de468b-86db-4441-9d7a-878e62da9276,Monadnock Redliners,Hike all the trails at Monadnock State Park,"1. Join the [Grand Monadnock Facebook page](https://www.facebook.com/groups/557083607702443)
2. Hike all the trails at [Monadnock State Park](https://www.nhstateparks.org/getmedia/a87b83ad-2590-46a2-b1fb-5c9cfc07c3a8/Monadnock-State-Park_Hiking-Map.aspx)
3. Send a message to the Admins of the Facebook page to get your patch"
725b13ac-4a83-4473-a3b6-9aed6698bc32,Monadnock's 50 Finest,Hike 50 peaks in the Monadnock area,Join the Facebook page for instructions: [https://www.facebook.com/groups/668783952485341](https://www.facebook.com/groups/668783952485341)
d3243f31-d48a-460e-b365-9fc79b6c4d5f,Moriah Challenge,Complete all four Champlain Area Trails (CATS) hikes.,"To register please link to the following web site URL.
[https://www.lakechamplainregion.com//hiking/moriah-challenge](https://www.lakechamplainregion.com//hiking/moriah-challenge)"
6b9c2ebf-e924-42e3-a201-831344ee8d2b,NE 67 4000-ft peaks in Winter,Hike all NE 67 4000-ft peaks in winter,"1. Hike all the 4000-ft peaks in Maine, Vermont and New Hampshire in Winter: [https://www.amc4000footer.org/newenglandfourk.html](https://www.amc4000footer.org/newenglandfourk.html)
2. Send an application and small fee to [https://www.amc4000footer.org/the-lists-we-recognize.html](https://www.amc4000footer.org/the-lists-we-recognize.html)
"
c97b2ea0-3182-4f32-a8ad-46e6169a4531,NET Hike Challenage,New England Trail Hike Challenge,1.  Following the instructions [here](https://newenglandtrail.org/hike-50-challenge/)
e83a4108-e86f-4138-8f97-d654027b1218,New England 100 highest,Hike the 100 highest peaks in New England,"1. Hike the 100 highest peaks in New England: [https://www.amc4000footer.org/newenglandhundredhighest.html](https://www.amc4000footer.org/newenglandhundredhighest.html)
2. Submit an application and a fee to: [https://www.amc4000footer.org/the-lists-we-recognize.html](https://www.amc4000footer.org/the-lists-we-recognize.html)"
73871f54-68b3-43fe-84ec-dd54ba2949fa,New England 67 4000-ft peaks,Hike the 67 4000-ft peaks in New England,"1. Hike all the 4000-ft peaks in Maine, Vermont and New Hampshire: [https://www.amc4000footer.org/newenglandfourk.html](https://www.amc4000footer.org/newenglandfourk.html)
2. Send an application and small fee to [https://www.amc4000footer.org/the-lists-we-recognize.html](https://www.amc4000footer.org/the-lists-we-recognize.html)"
ab030f2c-fb47-4cfb-b6a2-ef51e1a295b9,New Hampshire Fire Tower Challenge,Visit five fire towers in New Hampshire,"1. Visit five fire towers in New Hampshire
2. Send an application and fee to [https://www.nhdfl.dncr.nh.gov/forest-protection/fire-towers](https://www.nhdfl.dncr.nh.gov/forest-protection/fire-towers)"
b717dd07-01d9-407b-b4ac-90527f37c044,NH 4000 foot peaks,Hike all the 4000 foot peaks in New Hampshire,"To earn this patch you need to hike all 4000 foot peaks in New Hampshire.

The official website is here: [https://www.amc4000footer.org/the-lists-we-recognize.html](https://www.amc4000footer.org/the-lists-we-recognize.html)"
21836848-1a60-405d-9479-7f6361c5fb6b,NH 48 4k - The Grid,Hike all 48 4ks in NH in each month of the year,"To register link to the following web site URL:
[http://www.48x12.com]
(http://www.48x12.com)"
af9a19ae-10ba-4ec9-a66d-e302dcc6276b,NH 48 4k peaks in Winter,Hike all New Hampshire's 48 4000-ft peaks in Winter,"1. Hike all 48 4ks in Winter
2. Send an application and fee to [https://www.amc4000footer.org/the-lists-we-recognize.html](https://www.amc4000footer.org/the-lists-we-recognize.html)"
5b8135af-2688-4bb4-9cb0-768a6c1f137c,North Country Trail 100,Complete 100 miles on any North Country National Scenic Trail within the calendar year.,"To link Vermont's North Country Trail 100 web page please tap here[https://northcountrytrail.org/hike-100-challenge/](https://northcountrytrail.org/hike-100-challenge/)
"
92b331fd-52df-44ac-8b80-badac24b0e3c,Northeast 111,Hike all 4000 foot peaks in the Northeast,"To earn this patch, hike all 4000 foot peaks in the Northeast.

The official website is here:
[https://www.amc4000footer.org/the-lists-we-recognize.html](https://www.amc4000footer.org/the-lists-we-recognize.html)

#### Other Resources
- List of peaks: [https://www.amc4000footer.org/ne-111-list-of-peaks.pdf](https://www.amc4000footer.org/ne-111-list-of-peaks.pdf)
- Facebook page: [https://www.facebook.com/groups/854032607979828/](https://www.facebook.com/groups/854032607979828/)"
9d673eba-1c22-4a42-9bd5-07f97516b943,Northeast 111 Winter,Hike the 111 Northeast peaks in winter,Follow instructions here: [https://www.amc4000footer.org/the-lists-we-recognize.html](https://www.amc4000footer.org/the-lists-we-recognize.html)
c1eaef71-624f-4036-91f4-84920daa19a0,Northeast Kingdom Mountain Challenge,Hike twenty challenging peaks in northeast Vermont,Follow instructions here: [https://www.northwoodscenter.org/wordpress/trails/northeast-kingdom-mountain-challenge/](https://www.northwoodscenter.org/wordpress/trails/northeast-kingdom-mountain-challenge/)
cbf0fe2e-9f4b-4d0e-b9bc-b0b11720bf34,Nottingham Town 10,"Hike ten trails in Nottingham, NH",Follow instructions here: [https://www.nottingham-nh.gov/parks-recreation-department/pages/town-10-trail-challenge](https://www.nottingham-nh.gov/parks-recreation-department/pages/town-10-trail-challenge)
1087b9e6-2e02-48be-b474-5ddff4e5d2f4,NY Downstate 28er,Hike 28 peaks in the Lower Hudson Vally.,To get the patch visit: [https://www.nydownstate28er.com/](https://www.nydownstate28er.com/)
67628ab6-f6d9-4619-81a9-83fddf883e65,Outside Chronicles - Western New York Hiking Challenge,This challenge aims to encourage people to explore the many beautiful and unique trails throughout Western New York,Following instructions here: [https://outsidechronicles.com/challenges/summer/](https://outsidechronicles.com/challenges/summer/)
f3207877-d1d1-4978-b51d-fc193061bcd4,Outside Chronicles Western New York Ultimate Hiking Challenge," This is a year-long challenge with monthly mileage goals and fun bonus challenges. Any trail, anywhere!",To register link to the following web site[https://outsidechronicles.com/ultimate/](https://outsidechronicles.com/ultimate/)
d1378e29-d340-4760-9a7e-d2acace115c7,Outside Chronicles Western New York Winter Hiking Challenge,Featuring 36 trails in Western New York.,To register link to the following web site URL[https://outsidechronicles.com/event/winter-adirondack-mountain-adventure/](https://outsidechronicles.com/event/winter-adirondack-mountain-adventure/)
806f4f58-a334-4b0c-bd1d-c6ad21d1b102,Over 70 48 4K,Hike all the 4Ks in NH after your 70th birthday,Follow the instructions here: [http://48x12.com/48over70-application.shtml](http://48x12.com/48over70-application.shtml)
1b929cce-ebdc-49fd-b047-8a0188721145,Pawtuckaway State Park Redliner,Hike all the trails in Pawtuckaway State Park,Find the instructions on the Facebook page: [https://www.facebook.com/groups/949304370478528](https://www.facebook.com/groups/949304370478528)
69637172-654e-4a7b-84f0-560dc194ef76,Peaks and Perks,Hike 20 peaks and visit 20 coffee roasters,Visit the Facebook page to find the instructions: [https://www.facebook.com/PeaksandPerksNH](https://www.facebook.com/PeaksandPerksNH)
861a62ac-1b42-47e7-9238-a6e31ec81fb9,"Pelham, NH Winter Hiking Challenge","Hike all trails in Pelham, NH",Follow instructions here: [https://pelhamweb.com/288/Pelham-Winter-Hike](https://pelhamweb.com/288/Pelham-Winter-Hike)
3d7c6bac-efac-4258-8486-bfd3eba2c0fe,Pemi Loop,Hike the Pemi Loop in New Hampshire,Hike the Pemi Loop and order your patch on Etsy: [https://www.etsy.com/listing/1057232250/pemi-loop-patch](https://www.etsy.com/listing/1057232250/pemi-loop-patch)
3fd09260-9fd5-4350-8cbc-0fc8ab8ca6f1,Saranac Lake 6er,Hike 6 peaks near Saranac Lake (challenge currently closed for trail repairs).,"Following instructions here: [https://www.adirondack.net/hiking/challenges/6er/](https://www.adirondack.net/hiking/challenges/6er/)
or call (518) 891-4150"
f346a187-67f8-4aab-a3f4-7b5ca2516946,Saranac Lake 6er Ultra,Hike all 6 Saranac Lake peaks in 24 hours,Follow instructions here: [https://www.saranaclake.com/saranac-lake-6er](https://www.saranaclake.com/saranac-lake-6er)
905dcdc8-94f4-4789-88a8-887268658c02,Seven Preserve Challenge,Explore seven beautiful local nature preserves with Environmental Clearinghouse Guides (ECOS) guides. ,"To register website URL:
[https://ecosny.org/hikes/seven-preserve-challenge-2022/](https://ecosny.org/hikes/seven-preserve-challenge-2022/)"
2213e584-d244-4798-9a6a-b50e4e2cd550,Taconic 12er,Hike 12 peaks on the Taconic Mountain Range,https://www.taconic12er.com
dfc6b0be-89cf-467e-99b9-237ab10b1c7d,The Long Path New York - New Jersey," The Long Path in New York and New Jersey is approximately 358 miles long. It runs from the George Washington Bridge in New York City to John Boyd Thacher State Park near Albany, ","To apply for a certificate link to the following web site[https://www.nynjtc.org/navigating-the-long-path/#end-2end](https://www.nynjtc.org/navigating-the-long-path/#end-2end)

"
6b0d42ac-030e-46a3-8f47-e53b80d3267a,The Terrifying 25,Hike 25 difficult trails in New Hampshire,Following the instructions here: [https://www.theterrifying25.com/](https://www.theterrifying25.com/)
34300544-5950-44ac-ad17-699cd8285196,Tri-Lakes Trifecta,Hike a total of 18 peaks around lakes in the Adirondacks,Follow instructions here: [https://trilakestrifecta.com/](https://trilakestrifecta.com/)
873bb82b-c5c8-41fa-8038-b82dee64893d,Tupper Lake Triad,Hike 3 peaks in the Tupper Lake area,Following the instructions here: [https://www.tupperlake.com/tupper-lake-hiking-triad](https://www.tupperlake.com/tupper-lake-hiking-triad)
eb2d328c-4c95-4b01-b3b6-d1d7f1c3f11a,Tupper Lake Triad Winter,Hike three peaks in the Tupper Lake area during the winter,Follow instructions here: [https://www.tupperlake.com/tupper-lake-hiking-triad](https://www.tupperlake.com/tupper-lake-hiking-triad)
e79ba454-d459-4f7b-89c9-52c89a16ccb4,Vermont 5,Hike 5 peaks in Vermont,"To earn this patch you need to hike 5 peaks in Vermont

The official website is here: [https://www.vermont5challenge.com](https://www.vermont5challenge.com)"
56a3a2f3-e722-47ec-b2c8-a4e15c4161f6,Vermont 5 Winter,Hike five peaks in Vermont during the winter,Follow instructions here: [https://www.vermont5challenge.com/](https://www.vermont5challenge.com/)
1fb3de44-64cb-4d74-8a76-a1d7b8e16eaa,Vermont Long Trail,Hike all 272 miles of the Long Trail in Vermont.,To register please link to the following web page.[https://www.greenmountainclub.org/the-long-trail/end-to-end/](https://www.greenmountainclub.org/the-long-trail/end-to-end/)
c8690c54-d146-45bd-99ff-c895d782b6b3,Views and Brews New York,A challenge for those who love hiking and fine beer.,"Line to the following web page.
[https://viewsandbrews.com/ny](https://viewsandbrews.com/ny)"
686ba4d9-9f5f-4a26-809b-d157b99737c0,Wachusett Redliner,Hike all the trails in the Wachusett Mountain State Reservation,"To earn this patch, hike all the trails in the Waschusett Mountain State Reservation.

The official website is here: [https://www.town.princeton.ma.us/open-space-committee/pages/wachusett-redline](https://www.town.princeton.ma.us/open-space-committee/pages/wachusett-redline)"
33176e53-21c0-4899-9ad3-867b59bbe893,Wapack End to End,Hike the Wapack Trai end-to-end,Hike the entire trail and order your patch here: [https://wapack.org/product/wapack-end-to-end-patch/](https://wapack.org/product/wapack-end-to-end-patch/)
408137ec-8550-4b1d-b1bd-64438e04ea41,Waterville Valley Redliner 125,Hike 125 in Waterville Valley,1. Follow the instructions here: [https://www.hikewatervillevalley.com/patchprograms](https://www.hikewatervillevalley.com/patchprograms)
23e10cf4-b045-4954-8fca-2c22bd8b4a63,Wonders of Wilmington Hiking Challenge (WOW),This challenge is designed for hikers who want to explore some of Wilmington’s best trails.,To register link to the following web site[https://www.whitefaceregion.com/wonders-of-wilmington/hiking](https://www.whitefaceregion.com/wonders-of-wilmington/hiking)
