Trail Id,Trail Name,TrailLink URL,AllTrails URL,Other Links (review),Description
deabe8a3-111c-4259-991e-45ac542fa175,Alfred J. Lima Quequechan River Rail Trail,https://www.traillink.com/trail/alfred-j-lima-quequechan-river-rail-trail/,,,[https://www.traillink.com/trail/alfred-j-lima-quequechan-river-rail-trail/](https://www.traillink.com/trail/alfred-j-lima-quequechan-river-rail-trail/)
9cd6dcff-0ef3-451e-87a7-abca4c3c524e,Amesbury Riverwalk,https://www.traillink.com/trail/amesbury-riverwalk/,,,[https://www.traillink.com/trail/amesbury-riverwalk/](https://www.traillink.com/trail/amesbury-riverwalk/)
6c057942-72b5-47c2-9021-960c117ccdb6,Ashburnham Rail Trail,https://www.traillink.com/trail/ashburnham-rail-trail/,,,[https://www.traillink.com/trail/ashburnham-rail-trail/](https://www.traillink.com/trail/ashburnham-rail-trail/)
59806577-6e0f-41d4-9d30-f09b6593ff21,Ashuwillticook Rail Trail,https://www.traillink.com/trail/ashuwillticook-rail-trail/,,,[https://www.traillink.com/trail/ashuwillticook-rail-trail/](https://www.traillink.com/trail/ashuwillticook-rail-trail/)
45d216df-cf4b-497a-a0b0-8e92ea138128,Assabet River Rail Trail,https://www.traillink.com/trail/assabet-river-rail-trail/,,,[https://www.traillink.com/trail/assabet-river-rail-trail/](https://www.traillink.com/trail/assabet-river-rail-trail/)
318009ac-aa38-4919-bac6-a04bfa9a6eed,Blackstone River Greenway,https://www.traillink.com/trail/blackstone-river-greenway/,,,[https://www.traillink.com/trail/blackstone-river-greenway/](https://www.traillink.com/trail/blackstone-river-greenway/)
c006b6e4-3686-4e27-bfe9-c2529d5dc3c7,Border to Boston Trail,https://www.traillink.com/trail/border-to-boston-trail/,,,[https://www.traillink.com/trail/border-to-boston-trail/](https://www.traillink.com/trail/border-to-boston-trail/)
a7cf9bb6-888a-4855-b251-6ff063040dab,Boxford Rail Trail,https://www.traillink.com/trail/boxford-rail-trail/,,,[https://www.traillink.com/trail/boxford-rail-trail/](https://www.traillink.com/trail/boxford-rail-trail/)
d8a7a65c-edea-4263-a669-c8b607fb5af1,Bridle Trail,https://www.traillink.com/trail/bridle-trail-/,,,[https://www.traillink.com/trail/bridle-trail-/](https://www.traillink.com/trail/bridle-trail-/)
3dda1622-e3ab-4cfd-8c62-0629493fdaa6,Bruce Freeman Rail Trail,https://www.traillink.com/trail/bruce-freeman-rail-trail/,,,[https://www.traillink.com/trail/bruce-freeman-rail-trail/](https://www.traillink.com/trail/bruce-freeman-rail-trail/)
ae1bd770-2cf0-4a11-8920-91eecf636151,Canalside Rail Trail,https://www.traillink.com/trail/canalside-rail-trail/,,,[https://www.traillink.com/trail/canalside-rail-trail/](https://www.traillink.com/trail/canalside-rail-trail/)
2a7cf922-2847-4208-a3c3-379070b9e63b,Cape Cod Canal Bikeway,https://www.traillink.com/trail/cape-cod-canal-bikeway/,,,[https://www.traillink.com/trail/cape-cod-canal-bikeway/](https://www.traillink.com/trail/cape-cod-canal-bikeway/)
61627bbd-2d55-4b40-875b-4f0a495d0afc,Cape Cod Rail Trail,https://www.traillink.com/trail/cape-cod-rail-trail/,,,[https://www.traillink.com/trail/cape-cod-rail-trail/])https://www.traillink.com/trail/cape-cod-rail-trail/)
87cfe9c8-1a80-4445-8bb0-851f10b25294,Clipper City Rail Trail,https://www.traillink.com/trail/clipper-city-rail-trail/,,,[https://www.traillink.com/trail/clipper-city-rail-trail/](https://www.traillink.com/trail/clipper-city-rail-trail/)
a7d87f07-4271-48ae-9891-fff1a58d7837,Cochituate Rail Trail,https://www.traillink.com/trail/cochituate-rail-trail/,,,[https://www.traillink.com/trail/cochituate-rail-trail/](https://www.traillink.com/trail/cochituate-rail-trail/)
5e3bda03-df29-4490-873d-d56a3782b238,Columbia Greenway Rail Trail,https://www.traillink.com/trail/columbia-greenway-rail-trail/,,,[https://www.traillink.com/trail/columbia-greenway-rail-trail/](https://www.traillink.com/trail/columbia-greenway-rail-trail/)
33c47fd8-5126-4a19-9ba2-5a3101e988c8,Connecticut Riverwalk and Bikeway,https://www.traillink.com/trail/connecticut-riverwalk-and-bikeway/,,,[https://www.traillink.com/trail/connecticut-riverwalk-and-bikeway/](https://www.traillink.com/trail/connecticut-riverwalk-and-bikeway/)
bc6adef7-3783-4bf8-9a64-0669ba4bd37d,Danvers Rail Trail,https://www.traillink.com/trail/danvers-rail-trail/,,,[https://www.traillink.com/trail/danvers-rail-trail/](https://www.traillink.com/trail/danvers-rail-trail/)
598d8fec-402e-422d-96a2-6cd6e8707818,Grand Trunk Trail,https://www.traillink.com/trail/grand-trunk-trail/,,,[https://www.traillink.com/trail/grand-trunk-trail/](https://www.traillink.com/trail/grand-trunk-trail/)
f24f7d26-e9f4-41e0-a760-f67691639825,Groveland Community Trail,https://www.traillink.com/trail/groveland-community-trail/,,,[https://www.traillink.com/trail/groveland-community-trail/](https://www.traillink.com/trail/groveland-community-trail/)
a8ea46bb-7bca-47d1-9b4b-3d88bd1a2a32,Haggetts Rail Trail,https://www.traillink.com/trail/haggetts-rail-trail/,,,[https://www.traillink.com/trail/haggetts-rail-trail/](https://www.traillink.com/trail/haggetts-rail-trail/)
fc666787-89bd-49a9-a7f4-52bf5e8504ea,Hanover Branch Rail Trail,https://www.traillink.com/trail/hanover-branch-rail-trail/,,,[https://www.traillink.com/trail/hanover-branch-rail-trail/](https://www.traillink.com/trail/hanover-branch-rail-trail/)
7afc9597-e612-456d-b7fc-50549cc95435,Independence Greenway,https://www.traillink.com/trail/independence-greenway/,,,[https://www.traillink.com/trail/independence-greenway/](https://www.traillink.com/trail/independence-greenway/)
0ba770c8-2ef8-4fc6-a7a0-d04c9d28fcda,Jay McLaren Memorial Trail,https://www.traillink.com/trail/jay-mclaren-memorial-trail/,,,[https://www.traillink.com/trail/jay-mclaren-memorial-trail/](https://www.traillink.com/trail/jay-mclaren-memorial-trail/)
6af5373b-bf42-47b7-8ecc-e6bdaa7b9c99,Manhan Rail Trail,https://www.traillink.com/trail/manhan-rail-trail/,,,[https://www.traillink.com/trail/manhan-rail-trail/](https://www.traillink.com/trail/manhan-rail-trail/)
e89e768e-677b-40f4-ad79-860bf5fc9af4,Marblehead Rail-Trail,https://www.traillink.com/trail/marblehead-rail-trail/,,,[https://www.traillink.com/trail/marblehead-rail-trail/](https://www.traillink.com/trail/marblehead-rail-trail/)
28332360-1675-41bb-aaec-e232b2ec37ab,Martin H. Burns Wildlife Management Area Trail,https://www.traillink.com/trail/martin-h-burns-wildlife-management-area-trail/,,,[https://www.traillink.com/trail/martin-h-burns-wildlife-management-area-trail/](https://www.traillink.com/trail/martin-h-burns-wildlife-management-area-trail/)
e7add88a-d152-4c7d-8992-c57de107a8eb,Mary Ellen Welch Greenway,https://www.traillink.com/trail/mary-ellen-welch-greenway/,,,[https://www.traillink.com/trail/mary-ellen-welch-greenway/](https://www.traillink.com/trail/mary-ellen-welch-greenway/)
6d4ed73c-1ad8-4740-a23e-bb0944f4844c,Mass Central Rail Trail,https://www.traillink.com/trail/mass-central-rail-trail/,,,[https://www.traillink.com/trail/mass-central-rail-trail/](https://www.traillink.com/trail/mass-central-rail-trail/)
95a59e18-9a55-42c7-b34d-f3989b16c9fd,Mattapoisett Rail Trail,https://www.traillink.com/trail/mattapoisett-rail-trail/,,,[https://www.traillink.com/trail/mattapoisett-rail-trail/](https://www.traillink.com/trail/mattapoisett-rail-trail/)
a730dc74-9682-42a3-8581-410f330c9995,Medfield Rail Trail,https://www.traillink.com/trail/medfield-rail-trail-/,,,[https://www.traillink.com/trail/medfield-rail-trail-/](https://www.traillink.com/trail/medfield-rail-trail-/)
0051958c-eaec-47a3-92f7-8475f327891d,Methuen Rail Trail,https://www.traillink.com/trail/methuen-rail-trail/,,,[https://www.traillink.com/trail/methuen-rail-trail/](https://www.traillink.com/trail/methuen-rail-trail/)
05d76546-cf3c-4e4b-8939-9f0bf1d2243e,Middleton Rail Trail,https://www.traillink.com/trail/middleton-rail-trail/,,,[https://www.traillink.com/trail/middleton-rail-trail/](https://www.traillink.com/trail/middleton-rail-trail/)
1ff12e78-7c69-46c2-a4b1-f5008edd4665,Minuteman Commuter Bikeway,https://www.traillink.com/trail/minuteman-commuter-bikeway/,,,[https://www.traillink.com/trail/minuteman-commuter-bikeway/](https://www.traillink.com/trail/minuteman-commuter-bikeway/)
731f5fb2-1325-4fe8-9fec-45d13875bb91,Narrow-Gauge Rail-Trail,https://www.traillink.com/trail/narrow-gauge-rail-trail/,,,[https://www.traillink.com/trail/narrow-gauge-rail-trail/](https://www.traillink.com/trail/narrow-gauge-rail-trail/)
11c2fea9-f12a-4533-a756-b5f11036fed7,Nashua River Rail Trail,https://www.traillink.com/trail/nashua-river-rail-trail/,,,[https://www.traillink.com/trail/nashua-river-rail-trail/](https://www.traillink.com/trail/nashua-river-rail-trail/)
f397de82-8a1c-4b5b-8283-317de699a9d7,Needham Rail Trail,https://www.traillink.com/trail/needham-rail-trail/,,,[https://www.traillink.com/trail/needham-rail-trail/](https://www.traillink.com/trail/needham-rail-trail/)
98aac0f7-3d34-43c2-8aad-a4ed0a029d86,Neponset River Greenway,https://www.traillink.com/trail/neponset-river-greenway/,,,[https://www.traillink.com/trail/neponset-river-greenway/](https://www.traillink.com/trail/neponset-river-greenway/)
433a3fc2-ca9e-423a-b283-d2fcf163a2dd,North Central Pathway,https://www.traillink.com/trail/north-central-pathway/,,,[https://www.traillink.com/trail/north-central-pathway/](https://www.traillink.com/trail/north-central-pathway/)
c9a1b94c-7b29-4d2b-aedd-45ed35ad12af,Northern Strand Community Trail,https://www.traillink.com/trail/northern-strand-community-trail/,,,[https://www.traillink.com/trail/northern-strand-community-trail/](https://www.traillink.com/trail/northern-strand-community-trail/)
6ca8cbbf-7c18-443f-bb31-b9e8f14d68e2,Old Colony Nature Pathway,https://www.traillink.com/trail/old-colony-nature-pathway/,,,[https://www.traillink.com/trail/old-colony-nature-pathway/](https://www.traillink.com/trail/old-colony-nature-pathway/)
dec5b506-4514-4885-b33b-8227b0b7e3b6,Old Colony Rail Trail,https://www.traillink.com/trail/old-colony-rail-trail/,,,[https://www.traillink.com/trail/old-colony-rail-trail/](https://www.traillink.com/trail/old-colony-rail-trail/)
e0039231-6851-4c63-9fbd-fdfb739cd617,Old Eastern Marsh Trail,https://www.traillink.com/trail/old-eastern-marsh-trail/,,,[https://www.traillink.com/trail/old-eastern-marsh-trail/](https://www.traillink.com/trail/old-eastern-marsh-trail/)
bfa31a47-5c84-454d-ab0e-56b1be79eae9,Phoenix Bike Trail,https://www.traillink.com/trail/phoenix-bike-trail/,,,[https://www.traillink.com/trail/phoenix-bike-trail/](https://www.traillink.com/trail/phoenix-bike-trail/)
c4edce8e-3279-46d7-bb3d-ff2f038b100a,Potanipo Rail Trail,https://www.traillink.com/trail/potanipo-rail-trail/,,,[https://www.traillink.com/trail/potanipo-rail-trail/](https://www.traillink.com/trail/potanipo-rail-trail/)
38312efb-283b-4a56-84c5-4269fb0107ac,Potanipo Rail Trail (MA),https://www.traillink.com/trail/potanipo-rail-trail-(ma,,,[https://www.traillink.com/trail/potanipo-rail-trail-(ma)/](https://www.traillink.com/trail/potanipo-rail-trail-(ma)/)
12ab3876-ab5f-4afc-9212-0e5bc127ede2,Quinebaug Valley Rail Trail,https://www.traillink.com/trail/quinebaug-valley-rail-trail/,,,[https://www.traillink.com/trail/quinebaug-valley-rail-trail/](https://www.traillink.com/trail/quinebaug-valley-rail-trail/)
3b7dc8b9-ce20-4b40-b8f6-9d825894ce33,Redstone Rail Trail,https://www.traillink.com/trail/redstone-rail-trail/,,,[https://www.traillink.com/trail/redstone-rail-trail/])https://www.traillink.com/trail/redstone-rail-trail/)
0340a916-2ddc-412a-b191-bc30bf2269fd,Reformatory Branch Trail,https://www.traillink.com/trail/reformatory-branch-trail/,,,[https://www.traillink.com/trail/reformatory-branch-trail/](https://www.traillink.com/trail/reformatory-branch-trail/)
e4f3306a-5d3d-4e91-9295-39b83d111ec9,Salem Bike Path,https://www.traillink.com/trail/salem-bike-path/,,,[https://www.traillink.com/trail/salem-bike-path/](https://www.traillink.com/trail/salem-bike-path/)
8046c2b6-efe3-4c0a-b12d-8875fa28bb3b,Salisbury Point Ghost Trail,https://www.traillink.com/trail/salisbury-point-ghost-trail/,,,[https://www.traillink.com/trail/salisbury-point-ghost-trail/](https://www.traillink.com/trail/salisbury-point-ghost-trail/)
e01317a0-5610-4e7e-a129-73bf5028dcbd,Shining Sea Bikeway,https://www.traillink.com/trail/shining-sea-bikeway/,,,[https://www.traillink.com/trail/shining-sea-bikeway/](https://www.traillink.com/trail/shining-sea-bikeway/)
b7045279-0dad-4261-b3a3-267f48e1b60e,Somerville Community Path,https://www.traillink.com/trail/somerville-community-path/,,,[https://www.traillink.com/trail/somerville-community-path/](https://www.traillink.com/trail/somerville-community-path/)
0910cfd9-7966-4bd5-b7f7-897e487462b9,South Spencer Rail Trail,https://www.traillink.com/trail/south-spencer-rail-trail/,,,[https://www.traillink.com/trail/south-spencer-rail-trail/](https://www.traillink.com/trail/south-spencer-rail-trail/)
bcf233ab-6915-4e10-8edb-2e7480a98208,Southern New England Trunkline Trail,https://www.traillink.com/trail/southern-new-england-trunkline-trail/,,,[https://www.traillink.com/trail/southern-new-england-trunkline-trail/](https://www.traillink.com/trail/southern-new-england-trunkline-trail/)
d093b039-24ad-49fb-b131-99af81e4de54,Southwest Corridor Park (Pierre Lallement Bike Path),https://www.traillink.com/trail/southwest-corridor-park-(pierre-lallement-bike-path,,,[https://www.traillink.com/trail/southwest-corridor-park-(pierre-lallement-bike-path)/](https://www.traillink.com/trail/southwest-corridor-park-(pierre-lallement-bike-path)/)
23d847c1-80e9-411a-a17f-826a07e1a2d1,Southwick Rail Trail,https://www.traillink.com/trail/southwick-rail-trail/,,,[https://www.traillink.com/trail/southwick-rail-trail/](https://www.traillink.com/trail/southwick-rail-trail/)
d9719fbc-9b5d-422a-95ec-4f5b9c2cc2ad,Squannacook River Rail Trail,https://www.traillink.com/trail/squannacook-river-rail-trail/,,,[https://www.traillink.com/trail/squannacook-river-rail-trail/](https://www.traillink.com/trail/squannacook-river-rail-trail/)
d62aff2b-385d-4b45-be94-2e53f2199118,Topsfield Linear Common,https://www.traillink.com/trail/topsfield-linear-common/,,,[https://www.traillink.com/trail/topsfield-linear-common/](https://www.traillink.com/trail/topsfield-linear-common/)
f2b71e6f-459c-421a-ab89-13e3cbe2db73,Tri-Community Greenway,https://www.traillink.com/trail/tri-community-greenway/,,,[https://www.traillink.com/trail/tri-community-greenway/](https://www.traillink.com/trail/tri-community-greenway/)
24660173-6b0f-4fc7-99b5-217cddd79398,Twin Cities Rail Trail,https://www.traillink.com/trail/twin-cities-rail-trail/,,,[https://www.traillink.com/trail/twin-cities-rail-trail/](https://www.traillink.com/trail/twin-cities-rail-trail/)
7e42ae23-6264-4adf-8a4c-21d7df6a4be5,Upper Charles Trail,https://www.traillink.com/trail/upper-charles-trail/,,,[https://www.traillink.com/trail/upper-charles-trail/](https://www.traillink.com/trail/upper-charles-trail/)
28725a22-7b65-43dc-90d9-98d31a44aea0,Upper Falls Greenway,https://www.traillink.com/trail/upper-falls-greenway/,,,[https://www.traillink.com/trail/upper-falls-greenway/](https://www.traillink.com/trail/upper-falls-greenway/)
fc8f9138-63db-48c3-8aa1-0e4fe62f7f1a,Ware River Rail-Trail,https://www.traillink.com/trail/ware-river-rail-trail/,,,[https://www.traillink.com/trail/ware-river-rail-trail/](https://www.traillink.com/trail/ware-river-rail-trail/)
9667ea4a-b12c-4e34-869b-d27d1950eaf0,Watertown-Cambridge Greenway,https://www.traillink.com/trail/watertown-cambridge-greenway/,,,[https://www.traillink.com/trail/watertown-cambridge-greenway/](https://www.traillink.com/trail/watertown-cambridge-greenway/)
c37b99bd-4ed4-430f-9cf8-eb04ab3f9efc,Whitney Spur Rail Trail,https://www.traillink.com/trail/whitney-spur-rail-trail/,,,[https://www.traillink.com/trail/whitney-spur-rail-trail/](https://www.traillink.com/trail/whitney-spur-rail-trail/)
c4a9edcc-1970-41c4-98d0-0d649db1f862,World War II Veterans Memorial Trail/Norton Rail-Trail,https://www.traillink.com/trail/world-war-ii-veterans-memorial-trailnorton-rail-trail/,,,[https://www.traillink.com/trail/world-war-ii-veterans-memorial-trailnorton-rail-trail/](https://www.traillink.com/trail/world-war-ii-veterans-memorial-trailnorton-rail-trail/)
